{"client-charts/client0_acc": 0.36086956521739133, "_timestamp": 1732848467.795103, "client-charts/client{client_id}_auc": -0.04338394793926247, "client-charts/client1_acc": 0.35434782608695653, "client-charts/client2_acc": 0.30869565217391304, "client-charts/client3_acc": 0.21521739130434783, "client-charts/client4_acc": 0.22294372294372294, "client-charts/client5_acc": 0.34490238611713664, "client-charts/client6_acc": 0.3839479392624729, "client-charts/client7_acc": 0.32537960954446854, "client-charts/client8_acc": 0.22125813449023862, "client-charts/client9_acc": 0.22317596566523606, "client-charts/client10_acc": 0.31222707423580787, "client-charts/client11_acc": 0.34934497816593885, "client-charts/client12_acc": 0.3318777292576419, "client-charts/client13_acc": 0.2423580786026201, "client-charts/client14_acc": 0.19739696312364424, "client-charts/client15_acc": 0.326226012793177, "client-charts/client15_progress": 0.13219616204690832, "client-charts/client16_acc": 0.31343283582089554, "client-charts/client16_progress": -0.01279317697228145, "client-charts/client17_acc": 0.2857142857142857, "client-charts/client17_progress": -0.02771855010660981, "client-charts/client18_acc": 0.2771855010660981, "client-charts/client18_progress": -0.008528784648187633, "client-charts/client19_acc": 0.24101479915433405, "client-charts/client19_progress": -0.03382663847780127, "charts/train_loss": 1.795795060094346, "charts/test_acc": 0.2917657229306246, "charts/test_auc": 0.6681882239725259, "charts/test_acc_std": 0.05606808930865252, "charts/test_auc_std": 0.015962544045633246, "charts/test_acc_r": 0.29283128167994205, "charts/test_auc_r": 0.666175216515779, "charts/test_acc_f": 0.2886334610472541, "charts/test_auc_f": 0.6741055575139633, "client-charts/client10_angle": 0.7610297799110413, "client-charts/client15_angle": 0.758819043636322, "client-charts/client19_angle": 0.5518622994422913, "client-charts/client14_angle": 0.19126735627651215, "client-charts/client3_angle": 0.35516712069511414, "client-charts/client18_angle": 0.6450732946395874, "client-charts/client2_angle": 0.840903639793396, "client-charts/client7_angle": 0.8417584300041199, "client-charts/client5_angle": 0.7768257856369019, "client-charts/client17_angle": 0.7567805051803589, "client-charts/client0_angle": 0.7696472406387329, "client-charts/client1_angle": 0.7749062776565552, "client-charts/client8_angle": 0.29434823989868164, "client-charts/client13_angle": 0.32972097396850586, "client-charts/client6_angle": 0.7855889797210693, "client-charts/client4_angle": 0.17142844200134277, "client-charts/client9_angle": 0.20900093019008636, "client-charts/client11_angle": 0.7895967960357666, "client-charts/client16_angle": 0.776522159576416, "client-charts/client12_angle": 0.8367234468460083, "_runtime": 172.71826815605164, "_step": 9, "_wandb": {"runtime": 172}}