{"_wandb": {"runtime": 19}, "client-charts/client15_acc": 0.15991471215351813, "_timestamp": 1732811777.1090717, "client-charts/client{client_id}_auc": 0.05496828752642706, "client-charts/client16_acc": 0.11940298507462686, "client-charts/client17_acc": 0.11940298507462686, "client-charts/client18_acc": 0.07889125799573561, "client-charts/client19_acc": 0.1331923890063425, "charts/train_loss": 1.9478202876020896, "charts/test_acc": 0.11411281607953318, "charts/test_auc": 0.48027816051402356, "charts/test_acc_std": 0.051476695133538156, "charts/test_auc_std": 0.013614674595659787, "charts/test_acc_r": 0.11136857349746561, "charts/test_auc_r": 0.47830946460953444, "charts/test_acc_f": 0.1221796509152831, "charts/test_auc_f": 0.48606523808767066, "_runtime": 12.534528732299805, "_step": 0}