{"client-charts/client0_acc": 0.6652173913043479, "_timestamp": 1732846648.6224701, "client-charts/client{client_id}_auc": -0.07188160676532769, "client-charts/client1_acc": 0.8108695652173913, "client-charts/client2_acc": 0.8369565217391305, "client-charts/client3_acc": 0.8826086956521739, "client-charts/client4_acc": 0.841991341991342, "client-charts/client5_acc": 0.6637744034707158, "client-charts/client6_acc": 0.8047722342733189, "client-charts/client7_acc": 0.8459869848156182, "client-charts/client8_acc": 0.8611713665943601, "client-charts/client9_acc": 0.8605150214592274, "client-charts/client10_acc": 0.6637554585152838, "client-charts/client11_acc": 0.7794759825327511, "client-charts/client12_acc": 0.8275109170305677, "client-charts/client13_acc": 0.8777292576419214, "client-charts/client14_acc": 0.8720173535791758, "client-charts/client15_acc": 0.8443496801705757, "client-charts/client16_acc": 0.8720682302771855, "client-charts/client17_acc": 0.8912579957356077, "client-charts/client18_acc": 0.9040511727078892, "client-charts/client19_acc": 0.8245243128964059, "charts/train_loss": 0.3886263859887524, "charts/test_acc": 0.8218067862545926, "charts/test_auc": 0.9357704345419278, "charts/test_acc_std": 0.07244017995846515, "charts/test_auc_std": 0.02462070470388933, "charts/test_acc_r": 0.8063721940622737, "charts/test_auc_r": 0.9307298285825012, "charts/test_acc_f": 0.8671775223499362, "charts/test_auc_f": 0.9505875414596975, "_runtime": 3110.7451860904694, "_step": 141, "client-charts/client4_angle": 0.25824272632598877, "client-charts/client14_angle": 0.2573826014995575, "client-charts/client13_angle": 0.26017260551452637, "client-charts/client19_angle": 0.2590236961841583, "client-charts/client11_angle": 0.31008031964302063, "client-charts/client17_angle": 0.27264273166656494, "client-charts/client0_angle": 0.3264971375465393, "client-charts/client5_angle": 0.32039353251457214, "client-charts/client3_angle": 0.26552069187164307, "client-charts/client9_angle": 0.25878870487213135, "client-charts/client12_angle": 0.3096071481704712, "client-charts/client8_angle": 0.25986602902412415, "client-charts/client1_angle": 0.32458892464637756, "client-charts/client18_angle": 0.23235702514648438, "client-charts/client15_angle": 0.31588461995124817, "client-charts/client16_angle": 0.32421422004699707, "client-charts/client2_angle": 0.2929958999156952, "client-charts/client6_angle": 0.32272961735725403, "client-charts/client7_angle": 0.3069990277290344, "client-charts/client10_angle": 0.31330034136772156}