{"client-charts/client0_acc": 0.6521739130434783, "_timestamp": 1732846903.8131442, "client-charts/client{client_id}_auc": -0.07188160676532769, "client-charts/client1_acc": 0.8282608695652174, "client-charts/client2_acc": 0.8695652173913043, "client-charts/client3_acc": 0.8891304347826087, "client-charts/client4_acc": 0.8506493506493507, "client-charts/client5_acc": 0.6399132321041214, "client-charts/client6_acc": 0.8221258134490239, "client-charts/client7_acc": 0.8741865509761388, "client-charts/client8_acc": 0.8720173535791758, "client-charts/client9_acc": 0.8605150214592274, "client-charts/client10_acc": 0.6572052401746725, "client-charts/client11_acc": 0.8056768558951966, "client-charts/client12_acc": 0.851528384279476, "client-charts/client13_acc": 0.8908296943231441, "client-charts/client14_acc": 0.8720173535791758, "client-charts/client15_acc": 0.8614072494669509, "client-charts/client16_acc": 0.8933901918976546, "client-charts/client17_acc": 0.9040511727078892, "client-charts/client18_acc": 0.9125799573560768, "client-charts/client19_acc": 0.8329809725158562, "charts/train_loss": 0.36505901525742535, "charts/test_acc": 0.8322887400043224, "charts/test_auc": 0.9373410440723783, "charts/test_acc_std": 0.08110858698145343, "charts/test_auc_std": 0.027763593837461863, "charts/test_acc_r": 0.8157856625633599, "charts/test_auc_r": 0.9320149403464357, "charts/test_acc_f": 0.8808003405704555, "charts/test_auc_f": 0.9529973855911663, "_runtime": 3365.935860157013, "_step": 151, "client-charts/client4_angle": 0.25824272632598877, "client-charts/client14_angle": 0.2573826014995575, "client-charts/client13_angle": 0.26017260551452637, "client-charts/client19_angle": 0.2590236961841583, "client-charts/client11_angle": 0.31008031964302063, "client-charts/client17_angle": 0.27264273166656494, "client-charts/client0_angle": 0.3264971375465393, "client-charts/client5_angle": 0.32039353251457214, "client-charts/client3_angle": 0.26552069187164307, "client-charts/client9_angle": 0.25878870487213135, "client-charts/client12_angle": 0.3096071481704712, "client-charts/client8_angle": 0.25986602902412415, "client-charts/client1_angle": 0.32458892464637756, "client-charts/client18_angle": 0.23235702514648438, "client-charts/client15_angle": 0.31588461995124817, "client-charts/client16_angle": 0.32421422004699707, "client-charts/client2_angle": 0.2929958999156952, "client-charts/client6_angle": 0.32272961735725403, "client-charts/client7_angle": 0.3069990277290344, "client-charts/client10_angle": 0.31330034136772156, "_wandb": {"runtime": 3381}}